analysis,feature,n,spearman_vs_stage,p_spearman,won_vs_lost_effect,p_mwu,won_median,lost_median,q_spearman,q_mwu
raw,slopeV0-500_sma3nz_stddevNorm,60,-0.3037092636309324,0.01832160607974444,-0.43137254901960786,0.020585828215956562,0.707515,0.80673,0.9659653968616425,0.7042543240235701
raw,loudness_sma3_stddevFallingSlope,60,0.2592945506430947,0.04543593074744523,0.42156862745098045,0.023662213507303628,7.653475,6.84243,0.9659653968616425,0.7042543240235701
raw,loudness_sma3_meanRisingSlope,60,0.24784866067311417,0.05621696569207646,0.446078431372549,0.01662562594966507,14.327655,12.60916,0.9659653968616425,0.7042543240235701
raw,loudness_sma3_meanFallingSlope,60,0.23742212477170704,0.06776118963569244,0.4068627450980393,0.029022445732305144,10.958794999999999,9.91884,0.9659653968616425,0.7042543240235701
raw,shimmerLocaldB_sma3nz_amean,60,0.21872425871387632,0.09315437392532003,0.27941176470588225,0.13487567747478815,1.51371,1.43851,0.9659653968616425,0.8991711831652544
raw,F2bandwidth_sma3nz_stddevNorm,60,0.20995781372414574,0.10737206398156073,0.3431372549019607,0.06589091634621465,0.33668,0.32581,0.9659653968616425,0.8991711831652544
raw,slopeV0-500_sma3nz_amean,60,0.19066554631293534,0.14449759154085307,0.2230392156862746,0.2337014243183626,0.042124999999999996,0.03837,0.9659653968616425,0.9342101824699294
raw,mfcc4_sma3_stddevNorm,60,-0.19064833522517105,0.14453451741292256,-0.22058823529411764,0.23895815362175832,2.2194849999999997,3.93694,0.9659653968616425,0.9342101824699294
raw,HNRdBACF_sma3nz_stddevNorm,60,0.18089166056882633,0.1666200842386096,0.3137254901960784,0.09288181160903211,0.882425,0.71295,0.9659653968616425,0.8991711831652544
raw,loudness_sma3_stddevRisingSlope,60,0.16551397633434875,0.2062895952097033,0.2843137254901962,0.1281064902838661,9.156045,8.20073,0.9659653968616425,0.8991711831652544
raw,mfcc1V_sma3nz_amean,60,-0.16359176580503906,0.2116818965695682,-0.2990196078431373,0.10937696894109378,32.55028,37.13724,0.9659653968616425,0.8991711831652544
raw,loudness_mean,60,0.16244258791243957,0.21495262877395782,0.29166666666666674,0.1183714813446365,0.9575,0.911,0.9659653968616425,0.8991711831652544
raw,F3bandwidth_sma3nz_amean,60,-0.16178605288356632,0.21683706603271685,-0.12745098039215685,0.4998018503261805,966.5554500000001,979.3548,0.9659653968616425,0.9800036280905501
raw,pace_peaks_per_sec,60,0.16149835974004628,0.2176664618404443,0.392156862745098,0.03521271620117851,3.995,3.93,0.9659653968616425,0.7042543240235701
raw,arousal,60,0.15955107930103013,0.22333873320274789,0.20343137254901955,0.2777861534876602,0.5075000000000001,0.498,0.9659653968616425,0.9342101824699294
raw,mfcc2_sma3_stddevNorm,60,-0.15363122033497972,0.2412122940849066,-0.2990196078431373,0.10937696894109378,2.1415499999999996,3.17187,0.9659653968616425,0.8991711831652544
raw,valence,60,-0.14540029598619644,0.26765591301270475,-0.17156862745098034,0.36109262344748816,0.502,0.505,0.9659653968616425,0.950649588081011
raw,mfcc4V_sma3nz_stddevNorm,60,0.1385447801200945,0.2911100504980453,0.2843137254901962,0.1281064902838661,-4.0663800000000005,-5.20867,0.9659653968616425,0.8991711831652544
raw,spectralFluxV_sma3nz_amean,60,0.13449648824776045,0.30557358811541674,0.25,0.18142780725205987,0.56597,0.52286,0.9659653968616425,0.9342101824699294
raw,dominance,60,0.13098153075103378,0.3185016257909123,0.178921568627451,0.340488300394189,0.5395000000000001,0.544,0.9659653968616425,0.9458008344283027
raw,hammarbergIndexV_sma3nz_amean,60,-0.12500193320904887,0.341283684807388,-0.25,0.18142780725205987,20.983555000000003,24.27592,0.9659653968616425,0.9342101824699294
raw,F2bandwidth_sma3nz_amean,60,-0.12310884708169845,0.34870283199309676,-0.19117647058823528,0.3082893602150767,1012.35547,1014.5575,0.9659653968616425,0.9342101824699294
raw,mfcc3_sma3_amean,60,-0.12121576095434798,0.35622095020606764,-0.17156862745098034,0.36125999554501764,11.538264999999999,12.32646,0.9659653968616425,0.950649588081011
raw,logRelF0-H1-A3_sma3nz_amean,60,-0.1188566843956497,0.36572776868720785,-0.22058823529411764,0.23895815362175832,19.10214,23.19851,0.9659653968616425,0.9342101824699294
raw,alphaRatioV_sma3nz_amean,60,0.11833244516038342,0.36786114594884795,0.23039215686274517,0.21850225952615188,-11.158175,-13.18586,0.9659653968616425,0.9342101824699294
raw,F2frequency_sma3nz_amean,60,0.11658498104282916,0.3750267398151525,0.2009803921568627,0.2838351887755598,1734.27252,1723.05859,0.9659653968616425,0.9342101824699294
raw,hammarbergIndexUV_sma3nz_amean,60,-0.11183770352347339,0.3949131095464904,-0.21568627450980393,0.24967790631269726,15.323075,16.46327,0.9659653968616425,0.9342101824699294
raw,loudnessPeaksPerSec,60,0.10627494274925896,0.4189882776351146,0.23529411764705888,0.20875968480124474,2.8411600000000004,2.55076,0.9659653968616425,0.9342101824699294
raw,F1bandwidth_sma3nz_amean,60,-0.10557595710223724,0.42207173991187413,-0.16666666666666663,0.37534599548446834,1235.8103649999998,1273.62854,0.9659653968616425,0.950649588081011
raw,loudness_cv,60,-0.10431470824633628,0.42766818466628226,-0.2867647058823529,0.12470747462655352,0.6765000000000001,0.702,0.9659653968616425,0.8991711831652544
raw,arousal_fade,52,0.10995365950967696,0.4377667531690805,0.2344322344322345,0.26414234156134797,-0.02200000000000002,-0.02400000000000002,0.9659653968616425,0.9342101824699294
raw,HNRdBACF_sma3nz_amean,60,-0.10161503843578089,0.4397875916783177,-0.18627450980392157,0.32102426893048785,3.859005,4.24142,0.9659653968616425,0.9441890262661408
raw,logRelF0-H1-H2_sma3nz_stddevNorm,60,0.09605227766156646,0.46535527839026075,0.09313725490196068,0.624443932080426,3.885805,3.21548,0.9659653968616425,1.0
raw,mfcc1V_sma3nz_stddevNorm,60,0.09596490445568875,0.4657631765847793,0.303921568627451,0.10363888953138498,0.581075,0.48343,0.9659653968616425,0.8991711831652544
raw,F0semitoneFrom27.5Hz_sma3nz_meanFallingSlope,60,0.0958484068478518,0.4663073416006931,0.16176470588235303,0.38976633111321446,168.86149999999998,162.89417,0.9659653968616425,0.950649588081011
raw,alphaRatioV_sma3nz_stddevNorm,60,-0.094159191534216,0.4742362320212482,-0.23039215686274506,0.21850225952615188,-1.12332,-0.99793,0.9659653968616425,0.9342101824699294
raw,jitterLocal_sma3nz_amean,60,0.09398444512246058,0.47506055855548873,0.14215686274509798,0.4507351553552438,0.028865000000000002,0.02595,0.9659653968616425,0.9800036280905501
raw,alphaRatioUV_sma3nz_amean,60,0.08865467956392005,0.5005665245216051,0.16176470588235303,0.38976633111321446,-6.500579999999999,-7.11418,0.9659653968616425,0.950649588081011
raw,F2amplitudeLogRelF0_sma3nz_stddevNorm,60,0.08664509582873263,0.5103637719521233,0.0980392156862746,0.6058371434771839,-0.7637499999999999,-0.77587,0.9659653968616425,1.0
raw,spectralFluxV_sma3nz_stddevNorm,60,0.08626647860326254,0.5122204990158437,0.07352941176470584,0.7011928886270138,0.8097799999999999,0.80427,0.9659653968616425,1.0
raw,mfcc1_sma3_amean,60,-0.08315016759362409,0.5276320569422367,-0.12745098039215685,0.4998018503261805,20.209735000000002,22.24966,0.9659653968616425,0.9800036280905501
raw,slopeUV0-500_sma3nz_amean,60,0.08297772679119379,0.5284915262302925,0.0980392156862746,0.6058214455523561,0.018230000000000003,0.01855,0.9659653968616425,1.0
raw,f0_std_semitones,60,0.08213651923303812,0.5326941532308996,0.2107843137254901,0.2607084454287363,8.585,8.0,0.9659653968616425,0.9342101824699294
raw,StddevVoicedSegmentLengthSec,60,-0.08146208402005349,0.5360754474940943,-0.21568627450980393,0.24967790631269726,0.169535,0.17421,0.9659653968616425,0.9342101824699294
raw,F1bandwidth_sma3nz_stddevNorm,60,0.07892712930953459,0.5488778332814799,0.18137254901960786,0.33409801251245674,0.23252499999999998,0.21988,0.9659653968616425,0.9458008344283027
raw,F2amplitudeLogRelF0_sma3nz_amean,60,-0.07688842117238796,0.5592794636648488,-0.08823529411764708,0.6432933289838867,-118.42376,-116.67433,0.9659653968616425,1.0
raw,MeanVoicedSegmentLengthSec,60,-0.07525850021731076,0.5676618762441642,-0.196078431372549,0.2958931880403345,0.173985,0.1767,0.9659653968616425,0.9342101824699294
raw,logRelF0-H1-A3_sma3nz_stddevNorm,60,0.07333524413336093,0.5776275314151801,0.19117647058823528,0.3082893602150767,0.895275,0.77541,0.9659653968616425,0.9342101824699294
raw,F3amplitudeLogRelF0_sma3nz_amean,60,-0.07158778001580665,0.5867512225413795,-0.07352941176470584,0.7011928886270138,-118.680875,-118.65193,0.9659653968616425,1.0
raw,F1frequency_sma3nz_amean,60,0.06925782785906763,0.5990162335663443,0.13235294117647056,0.4831380485030482,698.06308,664.7348,0.9659653968616425,0.9800036280905501
raw,loudness_sma3_pctlrange0-2,60,0.06861709101596439,0.6024088424599537,0.13235294117647056,0.4831380485030482,1.046885,1.0128,0.9659653968616425,0.9800036280905501
raw,F1amplitudeLogRelF0_sma3nz_stddevNorm,60,0.06759773694739107,0.6078234685842459,0.08823529411764697,0.6432933289838867,-0.7673399999999999,-0.80048,0.9659653968616425,1.0
raw,loudness_sma3_percentile80.0,60,0.06698612450624708,0.6110823540392458,0.12745098039215685,0.4998018503261805,1.112355,1.10909,0.9659653968616425,0.9800036280905501
raw,logRelF0-H1-H2_sma3nz_amean,60,-0.06619976565334765,0.6152833909472185,-0.044117647058823484,0.8220307333720004,2.862695,3.44615,0.9659653968616425,1.0
raw,mfcc3V_sma3nz_stddevNorm,60,0.06552990440828518,0.6188717727479429,0.03431372549019618,0.8634310507272129,1.579405,1.62557,0.9659653968616425,1.0
raw,F0semitoneFrom27.5Hz_sma3nz_percentile50.0,60,0.06520953598673357,0.620591095089095,0.05392156862745101,0.7811202411741249,25.62248,25.5085,0.9659653968616425,1.0
raw,F3amplitudeLogRelF0_sma3nz_stddevNorm,60,0.05702557903618773,0.6651755341232231,0.05392156862745101,0.7811202411741249,-0.75071,-0.7422,0.9659653968616425,1.0
raw,F0semitoneFrom27.5Hz_sma3nz_percentile80.0,60,0.05434613405593785,0.6800367552049554,0.12745098039215685,0.4998018503261805,29.814405,28.91054,0.9659653968616425,0.9800036280905501
raw,loudness_sma3_amean,60,0.04980272735029674,0.7055124254613089,0.11274509803921573,0.5515673446241796,0.60974,0.60239,0.9659653968616425,1.0
raw,F1amplitudeLogRelF0_sma3nz_amean,60,-0.04919111490915275,0.7089672793440701,-0.06372549019607843,0.7408068333824819,-121.50802,-117.04947,0.9659653968616425,1.0
raw,mfcc1_sma3_stddevNorm,60,0.04901636849739732,0.7099554558326542,0.12254901960784315,0.5167658751032107,1.1087150000000001,0.99624,0.9659653968616425,0.993780529044636
raw,F0semitoneFrom27.5Hz_sma3nz_amean,60,0.048666875673886466,0.7119332330810334,0.13725490196078427,0.46678061452897934,28.13198,27.55024,0.9659653968616425,0.9800036280905501
raw,jitterLocal_sma3nz_stddevNorm,60,-0.048346507252334844,0.7137478554425092,-0.009803921568627416,0.9683369183479092,1.8298800000000002,1.83349,0.9659653968616425,1.0
raw,F3frequency_sma3nz_stddevNorm,60,-0.043016741693794325,0.7441610516506932,-0.019607843137254943,0.9262055959936603,0.110705,0.1107,0.9659653968616425,1.0
raw,equivalentSoundLevel_dBp,60,-0.04179351681150632,0.7511982687825548,-0.039215686274509776,0.8426765356863225,-20.29843,-20.13014,0.9659653968616425,1.0
raw,words,60,-0.04176439240954709,0.7513660700294182,-0.004901960784313708,0.989443175779737,1385.5,1070.0,0.9659653968616425,1.0
raw,mfcc4_sma3_amean,60,0.04135665078211776,0.7537164864812512,0.02450980392156854,0.9052098937248174,0.536535,0.6298,0.9659653968616425,1.0
raw,F0semitoneFrom27.5Hz_sma3nz_meanRisingSlope,60,0.04059941633117758,0.7580874319547342,0.196078431372549,0.2958931880403345,541.3758250000001,523.69818,0.9659653968616425,0.9342101824699294
raw,mfcc3V_sma3nz_amean,60,-0.03975480867435968,0.7629716114149482,-0.03431372549019607,0.8634310507272129,14.514385,13.52912,0.9659653968616425,1.0
raw,VoicedSegmentsPerSec,60,0.038298588576397785,0.7714141305410579,0.004901960784313708,0.989443175779737,1.6400350000000001,1.39282,0.9659653968616425,1.0
raw,mfcc3_sma3_stddevNorm,60,0.0375413541254576,0.775814751111937,0.03921568627450989,0.8426765356863225,1.50875,1.49617,0.9659653968616425,1.0
raw,spectralFlux_sma3_amean,60,0.03675499527255818,0.7803920558098291,0.09313725490196068,0.624443932080426,0.3516,0.35238,0.9659653968616425,1.0
raw,speech_min,60,-0.0351560837746201,0.789721875677868,0.014705882352941124,0.9472413446723421,5.1,3.8,0.9659653968616425,1.0
raw,mfcc4V_sma3nz_amean,60,-0.034046425890349064,0.7962142356151178,-0.07352941176470584,0.7011928886270138,-4.598125,-4.06157,0.9659653968616425,1.0
raw,loudness_sma3_percentile50.0,60,0.03387167947859363,0.7972379031555944,0.0980392156862746,0.6058371434771839,0.452415,0.41165,0.9659653968616425,1.0
raw,slopeV500-1500_sma3nz_stddevNorm,60,-0.031541727321854604,0.8109186209269319,0.004901960784313708,0.989443175779737,-1.0717349999999999,-1.04308,0.9659653968616425,1.0
raw,hammarbergIndexV_sma3nz_stddevNorm,60,0.030900990478751365,0.8146908862525779,0.15686274509803932,0.40451860425691677,0.68773,0.67107,0.9659653968616425,0.9631395339450399
raw,F3frequency_sma3nz_amean,60,-0.03078449287091442,0.8153772051340066,-0.02941176470588236,0.8842802463955904,2778.732545,2785.16772,0.9659653968616425,1.0
raw,spectralFlux_sma3_stddevNorm,60,0.029066153155319383,0.8255161716275791,-0.014705882352941124,0.9472528184220939,1.1963599999999999,1.22944,0.9659653968616425,1.0
raw,talk_share_pct,60,-0.028280580103281567,0.8301609646685274,-0.004901960784313708,0.989443175779737,37.75,26.8,0.9659653968616425,1.0
raw,F0semitoneFrom27.5Hz_sma3nz_stddevFallingSlope,60,0.025600349322170077,0.846050763942008,0.05392156862745101,0.7811202411741249,273.19812,269.0369,0.9659653968616425,1.0
raw,F1frequency_sma3nz_stddevNorm,60,0.02516348329278151,0.8486466977772349,-0.004901960784313708,0.989443175779737,0.384215,0.39139,0.9659653968616425,1.0
raw,mfcc2V_sma3nz_amean,60,-0.024406248841841324,0.8531500901373865,-0.09313725490196079,0.624443932080426,-1.826665,-0.96621,0.9659653968616425,1.0
raw,spectralFluxUV_sma3nz_amean,60,0.023532516783064193,0.8583521011048366,0.08823529411764697,0.6432933289838867,0.16413,0.15472,0.9659653968616425,1.0
raw,mfcc2V_sma3nz_stddevNorm,60,0.021435559841999064,0.8708609809526768,0.05392156862745101,0.7811202411741249,-2.399935,-1.9271,0.9659653968616425,1.0
raw,F0semitoneFrom27.5Hz_sma3nz_percentile20.0,60,0.01974634452836327,0.8809606581278578,0.0490196078431373,0.8015074505848662,23.177325,23.19467,0.9659653968616425,1.0
raw,mfcc2_sma3_amean,60,-0.018843488067626896,0.886366608638199,-0.05882352941176472,0.7608823792547115,4.9780750000000005,4.52748,0.9659653968616425,1.0
raw,MeanUnvoicedSegmentLength,60,0.01764938758729814,0.8935242911483767,0.004901960784313708,0.989443175779737,0.23569,0.23358,0.9659653968616425,1.0
raw,StddevUnvoicedSegmentLength,60,-0.017387267969665002,0.8950966410462086,-0.044117647058823484,0.8220307333720004,0.50179,0.51662,0.9659653968616425,1.0
raw,F0semitoneFrom27.5Hz_sma3nz_pctlrange0-2,60,-0.01563980385211073,0.9055889457899711,0.0,1.0,6.52096,6.31656,0.9659653968616425,1.0
raw,slopeUV500-1500_sma3nz_amean,60,0.012319793185728503,0.9255661104920795,-0.0490196078431373,0.801498985492736,0.012565,0.01369,0.9659653968616425,1.0
raw,questions,60,0.010717073409564385,0.9352271474595909,0.017156862745097978,0.9366133863859556,10.5,10.0,0.9659653968616425,1.0
raw,shimmerLocaldB_sma3nz_stddevNorm,60,0.009756674656344683,0.9410208803310787,-0.0490196078431373,0.8015074505848662,0.747465,0.75033,0.9659653968616425,1.0
raw,F0semitoneFrom27.5Hz_sma3nz_stddevNorm,60,-0.009581928244589257,0.9420753969970058,0.05392156862745101,0.7811202411741249,0.31234,0.31415,0.9659653968616425,1.0
raw,F3bandwidth_sma3nz_stddevNorm,60,0.009261559823037639,0.9440089331018475,-0.05392156862745101,0.7811202411741249,0.33216,0.33611,0.9659653968616425,1.0
raw,F2frequency_sma3nz_stddevNorm,60,0.009232948519443267,0.9441816281755276,-0.05392156862745101,0.7811202411741249,0.16569,0.16741,0.9659653968616425,1.0
raw,loudness_sma3_percentile20.0,60,-0.009203311019119165,0.9443605199678367,0.0,1.0,0.01356,0.01261,0.9659653968616425,1.0
raw,F0semitoneFrom27.5Hz_sma3nz_stddevRisingSlope,60,-0.00882469379364907,0.9466460889244096,0.12745098039215685,0.4998018503261805,858.8471649999999,812.57617,0.9659653968616425,0.9800036280905501
raw,loudness_sma3_stddevNorm,60,-0.006349119627113853,0.9615999025921192,-0.06372549019607843,0.7408068333824819,1.0250849999999998,1.07441,0.9713130329213325,1.0
raw,slopeV500-1500_sma3nz_amean,60,-0.0007572449712268111,0.995418409541915,-0.08333333333333337,0.6623751309779664,-0.021105,-0.02095,0.995418409541915,1.0
within-rep-z,slopeV0-500_sma3nz_stddevNorm,60,-0.3185335842281845,0.013122456755303642,-0.43137254901960786,0.020585828215956562,-0.2850359678861979,0.5706057478073884,0.9373308498221244,0.5899416595653978
within-rep-z,slopeUV0-500_sma3nz_amean,60,0.27619054085168654,0.03267129335798779,0.3431372549019607,0.06589091634621465,0.002159937776308291,-0.3958544051835515,0.9373308498221244,0.7153202464977294
within-rep-z,loudness_sma3_stddevFallingSlope,60,0.2593527994470131,0.04538575284689274,0.41666666666666674,0.025344754914614447,0.26881733984728406,-0.6447230970422317,0.9373308498221244,0.5899416595653978
within-rep-z,slopeV0-500_sma3nz_amean,60,0.2511868943979089,0.05287770887875282,0.30147058823529416,0.10646204727931223,0.0915001096818842,-0.2996325285201682,0.9373308498221244,0.7153202464977294
within-rep-z,valence,60,-0.24727483971718744,0.05680782098403067,-0.3161764705882353,0.09026746130211341,-0.17594921939413022,0.5886672435921992,0.9373308498221244,0.7153202464977294
within-rep-z,loudness_sma3_meanRisingSlope,60,0.24144129224208186,0.06310467623467032,0.43137254901960786,0.020585828215956562,0.23242063896324142,-0.5660914349771998,0.9373308498221244,0.5899416595653978
within-rep-z,dominance,60,0.2337444871375393,0.0722594450953512,0.2892156862745099,0.12155574541553094,0.1607651199818262,-0.3900042725485031,0.9373308498221244,0.7153202464977294
within-rep-z,loudness_sma3_meanFallingSlope,60,0.22303467020384352,0.08672595348170922,0.392156862745098,0.035396499573923865,0.11708319643494847,-0.6594302770060892,0.9373308498221244,0.5899416595653978
within-rep-z,shimmerLocaldB_sma3nz_amean,60,0.2030844548617656,0.11964616872005275,0.2892156862745099,0.12160444190461399,0.10507462621353136,-0.3948850686051006,0.9373308498221244,0.7153202464977294
within-rep-z,arousal,60,0.18561330311494012,0.15564209720077968,0.23774509803921573,0.2039096433330242,0.32916685118752653,0.12718167854831408,0.9373308498221244,0.8092676278746366
within-rep-z,HNRdBACF_sma3nz_stddevNorm,60,0.18240612947070672,0.16303885505525495,0.32352941176470584,0.08303990817936754,-0.010905558560783275,-0.5939544885082334,0.9373308498221244,0.7153202464977294
within-rep-z,alphaRatioV_sma3nz_stddevNorm,60,-0.18167801942172576,0.16475347904785423,-0.3921568627450981,0.035396499573923865,0.15131875096872766,0.21937740392036872,0.9373308498221244,0.5899416595653978
within-rep-z,mfcc1V_sma3nz_amean,60,-0.17870733042188353,0.17188625768300428,-0.33333333333333337,0.07406050117984497,-0.27894282770243906,0.3999508885112457,0.9373308498221244,0.7153202464977294
within-rep-z,pace_peaks_per_sec,60,0.1750790460833009,0.18089998913227714,0.4019607843137254,0.030947062652119942,-0.26167162034156766,-0.6999393588446862,0.9373308498221244,0.5899416595653978
within-rep-z,mfcc4V_sma3nz_stddevNorm,60,0.16003858876601207,0.22190908943772533,0.32352941176470584,0.08303990817936754,0.24331611035177317,0.20266956993633878,0.9373308498221244,0.7153202464977294
within-rep-z,loudness_mean,60,0.15378325189423697,0.24074134844221481,0.29166666666666674,0.1184356338401533,-0.034821910517708006,-0.4248079508758428,0.9373308498221244,0.7153202464977294
within-rep-z,F2bandwidth_sma3nz_stddevNorm,60,0.1453890145805154,0.267693438522405,0.2450980392156863,0.19022665361389512,0.11950773448151324,-0.11916555056030835,0.9373308498221244,0.8092676278746366
within-rep-z,mfcc3V_sma3nz_amean,60,-0.14352505285512418,0.27394195073139854,-0.1470588235294118,0.4350067383993107,-0.2581845492033911,0.40345295708456236,0.9373308498221244,0.8476106114088565
within-rep-z,spectralFluxV_sma3nz_amean,60,0.14311731122769483,0.27532164564168005,0.2549019607843137,0.17293466931756118,0.1810414760127296,-0.6862655106666338,0.9373308498221244,0.8092676278746366
within-rep-z,mfcc1_sma3_amean,60,-0.14215620596304002,0.2785920291739091,-0.18627450980392157,0.32102426893048785,-0.11520883721716058,0.39121873825445347,0.9373308498221244,0.8148732012498945
within-rep-z,mfcc3_sma3_amean,60,-0.1417775887375699,0.2798874002781336,-0.18137254901960786,0.33409801251245674,-0.4234724190501119,0.3686611400597641,0.9373308498221244,0.8148732012498945
within-rep-z,mfcc2_sma3_stddevNorm,60,-0.1357779619339669,0.3009458596111395,-0.2941176470588235,0.11536336176616835,0.19203849978177612,0.23280535067164215,0.9373308498221244,0.7153202464977294
within-rep-z,slopeUV500-1500_sma3nz_amean,60,-0.13557597465618484,0.3016722524016416,-0.2549019607843137,0.17291595772955592,-0.453998987648065,-0.0012365565993341426,0.9373308498221244,0.8092676278746366
within-rep-z,loudness_sma3_stddevRisingSlope,60,0.12922497149313839,0.3250910591686817,0.25,0.18142780725205987,0.21460228697730782,-0.202377798050589,0.9373308498221244,0.8092676278746366
within-rep-z,spectralFluxV_sma3nz_stddevNorm,60,0.12858423465003518,0.3275160204437176,0.10784313725490202,0.5693898459625074,0.12409449680087564,-0.06269382335482336,0.9373308498221244,0.8759843784038576
within-rep-z,F3bandwidth_sma3nz_amean,60,-0.12648727770897003,0.3355319540047484,-0.05392156862745101,0.7811202411741249,-0.24046495229283094,-0.0047086653082632915,0.9373308498221244,0.9880988962733768
within-rep-z,MeanUnvoicedSegmentLength,60,-0.1263707801011331,0.33598086059447346,-0.20588235294117652,0.27211434718582894,-0.30739371589162023,-0.13272918224198502,0.9373308498221244,0.8148732012498945
within-rep-z,arousal_fade,52,0.12901311077364336,0.36201682455995327,0.2271062271062272,0.2796428847123327,-0.17680088259997,-0.20954178678514962,0.9373308498221244,0.8148732012498945
within-rep-z,StddevUnvoicedSegmentLength,60,-0.11751696190552477,0.37119469635440555,-0.18627450980392157,0.32102426893048785,-0.4026873370580216,-0.22502481270637034,0.9373308498221244,0.8148732012498945
within-rep-z,mfcc4_sma3_stddevNorm,60,-0.11410940687629395,0.38532061025720715,-0.08823529411764708,0.6432933289838867,-0.15068568150661188,-0.1708292496389437,0.9373308498221244,0.918990469976981
within-rep-z,alphaRatioV_sma3nz_amean,60,0.11157558390584024,0.39602891098256765,0.23039215686274517,0.21850225952615188,-0.014008766646792334,-0.4948200102198599,0.9373308498221244,0.8092676278746366
within-rep-z,hammarbergIndexV_sma3nz_amean,60,-0.10694480399432142,0.4160454408941006,-0.23039215686274506,0.21850225952615188,-0.015483468839081306,0.43554414051240314,0.9373308498221244,0.8092676278746366
within-rep-z,loudnessPeaksPerSec,60,0.10679918198452523,0.41668417513970984,0.2647058823529411,0.15684574602623347,0.11049739240355441,-0.26658728161553386,0.9373308498221244,0.8092676278746366
within-rep-z,F0semitoneFrom27.5Hz_sma3nz_meanFallingSlope,60,0.1056924547100742,0.4215569318779503,0.18137254901960786,0.33409801251245674,-0.011786907595676611,-0.30308985088881696,0.9373308498221244,0.8148732012498945
within-rep-z,mfcc1_sma3_stddevNorm,60,0.10417798580819383,0.4282773702756821,0.21568627450980382,0.24967790631269726,-0.14840980725475614,-0.5809037018363633,0.9373308498221244,0.8148732012498945
within-rep-z,jitterLocal_sma3nz_amean,60,0.10295476092590584,0.4337494523791073,0.16176470588235303,0.38976633111321446,-0.032862147429833746,-0.5121927233188659,0.9373308498221244,0.8476106114088565
within-rep-z,hammarbergIndexUV_sma3nz_amean,60,-0.10211015326908794,0.4375506518726263,-0.19117647058823528,0.3082893602150767,-0.04298870474148343,0.1716183542792812,0.9373308498221244,0.8148732012498945
within-rep-z,HNRdBACF_sma3nz_amean,60,-0.09983844991626738,0.447866656618961,-0.18627450980392157,0.32102426893048785,-0.1882552601074119,0.3227983279378449,0.9373308498221244,0.8148732012498945
within-rep-z,F2frequency_sma3nz_amean,60,0.0952367944067078,0.4691698391234672,0.18627450980392157,0.32102426893048785,0.24338898245119003,-0.1351160547474344,0.9373308498221244,0.8148732012498945
within-rep-z,F2bandwidth_sma3nz_amean,60,-0.09051864128931127,0.49156682299064264,-0.10784313725490191,0.5693898459625074,-0.062342363904245766,0.3190228533917501,0.9373308498221244,0.8759843784038576
within-rep-z,mfcc1V_sma3nz_stddevNorm,60,0.08941191401486023,0.49690016752134514,0.3431372549019607,0.06589091634621465,-0.021945284867321398,-0.7364016079159807,0.9373308498221244,0.7153202464977294
within-rep-z,spectralFlux_sma3_amean,60,0.08681984224048805,0.509507978544456,0.196078431372549,0.2958931880403345,0.23636587851615626,-0.0252198986043126,0.9373308498221244,0.8148732012498945
within-rep-z,f0_std_semitones,60,0.0838514831280614,0.524143768170546,0.24019607843137258,0.19933583146564782,-0.0046645244991832,-0.45115105615127554,0.9373308498221244,0.8092676278746366
within-rep-z,F0semitoneFrom27.5Hz_sma3nz_percentile80.0,60,0.08370353123084961,0.5248787101108211,0.17156862745098045,0.36125999554501764,-0.20397069317668187,-0.5293663715682196,0.9373308498221244,0.8476106114088565
within-rep-z,loudness_sma3_percentile80.0,60,0.07694666997630643,0.5589809860469016,0.1470588235294117,0.4350067383993107,0.10821861949170325,-0.30379844637095926,0.9373308498221244,0.8476106114088565
within-rep-z,F2amplitudeLogRelF0_sma3nz_stddevNorm,60,0.07435459820193425,0.572335598256587,0.0490196078431373,0.8015074505848662,0.012568486911878661,-0.17023151422049837,0.9373308498221244,0.9880988962733768
within-rep-z,StddevVoicedSegmentLengthSec,60,-0.0736566358551002,0.5759566203751162,-0.2009803921568627,0.2838351887755598,-0.07956395876873232,0.10173635612859372,0.9373308498221244,0.8148732012498945
within-rep-z,logRelF0-H1-A3_sma3nz_amean,60,-0.07316049772160552,0.5785369671640929,-0.1519607843137255,0.4195998914812339,0.09276867157205879,0.17473390100415317,0.9373308498221244,0.8476106114088565
within-rep-z,F0semitoneFrom27.5Hz_sma3nz_percentile50.0,60,0.07138390920209199,0.5878198745182401,0.06862745098039214,0.7209062417708143,-0.0501893320445746,-0.09699418791740967,0.9373308498221244,0.9741976240146138
within-rep-z,loudness_sma3_pctlrange0-2,60,0.07027718192764096,0.5936363621176998,0.13725490196078427,0.46678061452897934,-0.038730477995972845,-0.38332770093147733,0.9373308498221244,0.8476106114088565
within-rep-z,loudness_sma3_amean,60,0.06818022498657582,0.6047268061211988,0.1470588235294117,0.4350067383993107,0.0019415865474267657,-0.3307039340044864,0.9373308498221244,0.8476106114088565
within-rep-z,jitterLocal_sma3nz_stddevNorm,60,-0.06733561732975793,0.6092192097338773,-0.039215686274509776,0.8426765356863225,-0.1811673232181804,-0.09576209911168833,0.9373308498221244,0.9880988962733768
within-rep-z,alphaRatioUV_sma3nz_amean,60,0.06541340680044824,0.6194967465309434,0.1519607843137254,0.4195998914812339,-0.14788443331218198,-0.5723576958479394,0.9373308498221244,0.8476106114088565
within-rep-z,loudness_cv,60,-0.06481079898581324,0.6227338208200524,-0.25735294117647056,0.1687455600787533,0.03056534428646948,0.7005225622708241,0.9373308498221244,0.8092676278746366
within-rep-z,F1frequency_sma3nz_amean,60,0.06451055033971186,0.6243493491389879,0.13725490196078427,0.46678061452897934,0.135540892485514,-0.011970110884380044,0.9373308498221244,0.8476106114088565
within-rep-z,equivalentSoundLevel_dBp,60,0.06369506708485322,0.6287460331096055,0.12254901960784315,0.5167658751032107,0.21902848654565008,-0.21550554103807146,0.9373308498221244,0.8612764585053512
within-rep-z,F1bandwidth_sma3nz_amean,60,-0.0621514737810136,0.637103431132948,-0.1029411764705882,0.5874826975965008,-0.16729105245628828,0.1530117015368208,0.9373308498221244,0.8768398471589565
within-rep-z,MeanVoicedSegmentLengthSec,60,-0.06084172095741571,0.6442302376675099,-0.19117647058823528,0.3082893602150767,0.11404252662781822,0.22998540616143498,0.9373308498221244,0.8148732012498945
within-rep-z,F3amplitudeLogRelF0_sma3nz_amean,60,-0.060491382869337036,0.6461419914036168,-0.039215686274509776,0.8426765356863225,0.0517911666270315,0.3192059850792486,0.9373308498221244,0.9880988962733768
within-rep-z,logRelF0-H1-H2_sma3nz_stddevNorm,60,0.0597632728203561,0.6501224786845912,0.02941176470588225,0.8842802463955904,-0.04623076701779727,-0.04867335171829795,0.9373308498221244,0.9880988962733768
within-rep-z,F0semitoneFrom27.5Hz_sma3nz_meanRisingSlope,60,0.05679258382051384,0.6664628423298286,0.22058823529411775,0.23895815362175832,-0.1893774185791754,-0.3032623132411747,0.9373308498221244,0.8148732012498945
within-rep-z,shimmerLocaldB_sma3nz_stddevNorm,60,0.05591885176173669,0.6712987480353574,0.02941176470588225,0.8842802463955904,-0.14450629206942958,-0.19669600728555814,0.9373308498221244,0.9880988962733768
within-rep-z,F1bandwidth_sma3nz_stddevNorm,60,0.05350152639911995,0.6847468079963206,0.14215686274509798,0.4507351553552438,-0.038007685642326476,-0.23336375902329917,0.9373308498221244,0.8476106114088565
within-rep-z,slopeV500-1500_sma3nz_amean,60,-0.051987779755379146,0.6932182331671229,-0.1421568627450981,0.4507351553552438,-0.3029211728442939,0.4799764905703826,0.9373308498221244,0.8476106114088565
within-rep-z,F2amplitudeLogRelF0_sma3nz_amean,60,-0.05172493787960644,0.6946930318732283,-0.039215686274509776,0.8426765356863225,0.03149913689710872,0.420285069590835,0.9373308498221244,0.9880988962733768
within-rep-z,F1frequency_sma3nz_stddevNorm,60,-0.051521067065891775,0.6958377213721131,-0.11274509803921573,0.5515673446241796,0.03028452207154491,0.07350865288923468,0.9373308498221244,0.8755037216256819
within-rep-z,loudness_sma3_percentile20.0,60,0.05015222017380759,0.7035408694307358,0.09313725490196068,0.624443932080426,-0.20170453807498145,-0.2719366642313983,0.9373308498221244,0.9182999001182736
within-rep-z,loudness_sma3_percentile50.0,60,0.04907461730131579,0.7096260107915969,0.13235294117647056,0.4831380485030482,-0.06088883886141329,-0.34256786792791677,0.9373308498221244,0.8476106114088565
within-rep-z,F0semitoneFrom27.5Hz_sma3nz_amean,60,0.048346507252334844,0.7137478554425092,0.13235294117647056,0.4831380485030482,-0.13161174264636172,-0.46000111773747226,0.9373308498221244,0.8476106114088565
within-rep-z,mfcc2V_sma3nz_amean,60,0.04700678476220991,0.7213532715443599,0.019607843137254832,0.9262055959936603,0.28139088704552945,0.22281042245264887,0.9373308498221244,0.9880988962733768
within-rep-z,F3frequency_sma3nz_stddevNorm,60,-0.04590005748775887,0.7276563470794736,-0.019607843137254943,0.9262055959936603,-0.1055909146443596,-0.10649109294482266,0.9373308498221244,0.9880988962733768
within-rep-z,F3bandwidth_sma3nz_stddevNorm,60,-0.04552144026228877,0.729816812651307,-0.1568627450980392,0.40451860425691677,-0.04264850685268552,0.4174111263986791,0.9373308498221244,0.8476106114088565
within-rep-z,words,60,0.044036095762367646,0.7383125277064803,0.10294117647058831,0.5874826975965008,-0.0031415636754525125,-0.41158713029893185,0.9373308498221244,0.8768398471589565
within-rep-z,F3amplitudeLogRelF0_sma3nz_stddevNorm,60,0.043832224948652986,0.7394810653184563,0.009803921568627416,0.9683369183479092,0.1057652200352554,0.056846610254503153,0.9373308498221244,0.9880988962733768
within-rep-z,speech_min,60,0.0425251717572041,0.746986591980476,0.11274509803921573,0.5514806685222136,-0.09280317463921271,-0.4350560238233579,0.9373308498221244,0.8755037216256819
within-rep-z,mfcc4V_sma3nz_amean,60,-0.03876457900774559,0.7687096026562454,-0.06862745098039214,0.7209062417708143,-0.11019969510116454,0.0028625619105103767,0.9373308498221244,0.9741976240146138
within-rep-z,spectralFluxUV_sma3nz_amean,60,0.03803646895876464,0.7729366195839101,0.11274509803921573,0.5515673446241796,-0.0002607044250460405,-0.27083178924982726,0.9373308498221244,0.8755037216256819
within-rep-z,logRelF0-H1-H2_sma3nz_amean,60,-0.037774349341131504,0.7744599601411641,0.019607843137254832,0.9262055959936603,-0.18177912799960272,-0.08116469055966409,0.9373308498221244,0.9880988962733768
within-rep-z,F2frequency_sma3nz_stddevNorm,60,0.03607107295632329,0.7843791312048682,-0.019607843137254943,0.9262055959936603,-0.09949721852010174,0.08088245563491828,0.9373308498221244,0.9880988962733768
within-rep-z,mfcc3_sma3_stddevNorm,60,0.03474541153737076,0.7921229958174033,0.019607843137254832,0.9262055959936603,-0.013787614674368724,-0.10054374579931216,0.9373308498221244,0.9880988962733768
within-rep-z,mfcc4_sma3_amean,60,-0.034250296704063724,0.7950203884193499,-0.08823529411764708,0.6432933289838867,-0.13864254152323693,0.06339467085062929,0.9373308498221244,0.918990469976981
within-rep-z,VoicedSegmentsPerSec,60,0.0326193301943464,0.8045840305972654,-0.004901960784313708,0.989443175779737,-0.1727917178626564,-0.031744931872209184,0.9373308498221244,0.989443175779737
within-rep-z,mfcc3V_sma3nz_stddevNorm,60,0.030697119665036705,0.8158920348720167,-0.02941176470588236,0.8842802463955904,0.03831472140835611,0.15627782205447466,0.9373308498221244,0.9880988962733768
within-rep-z,F1amplitudeLogRelF0_sma3nz_stddevNorm,60,0.029240899567074815,0.8244837651988988,0.004901960784313708,0.989443175779737,-0.14155016322356961,-0.28228567353685124,0.9373308498221244,0.989443175779737
within-rep-z,mfcc2V_sma3nz_stddevNorm,60,0.027930301478909104,0.8322339028098515,0.06862745098039214,0.7209062417708143,0.0813848603941531,0.0971868004435116,0.9373308498221244,0.9741976240146138
within-rep-z,F0semitoneFrom27.5Hz_sma3nz_stddevFallingSlope,60,0.02749343544952054,0.8348208541647921,0.05882352941176472,0.7608823792547115,-0.2036916794518341,-0.24524042422966347,0.9373308498221244,0.9880988962733768
within-rep-z,logRelF0-H1-A3_sma3nz_stddevNorm,60,0.027260440233846637,0.8362012754942175,0.12254901960784315,0.5167658751032107,-0.2424203742101973,-0.36104434610590325,0.9373308498221244,0.8612764585053512
within-rep-z,loudness_sma3_stddevNorm,60,-0.026590578988784166,0.8401727103011736,-0.12745098039215685,0.4998018503261805,-0.07983568089607757,-0.267372911843013,0.9373308498221244,0.8612764585053512
within-rep-z,F0semitoneFrom27.5Hz_sma3nz_percentile20.0,60,0.02493048807710761,0.850031851584364,0.0490196078431373,0.8015074505848662,-0.018014219599178205,0.06667552834882276,0.9373308498221244,0.9880988962733768
within-rep-z,F1amplitudeLogRelF0_sma3nz_amean,60,-0.023998507214411997,0.8555769352975918,-0.014705882352941124,0.9472528184220939,0.1547864803336097,0.49488689094144095,0.9373308498221244,0.9880988962733768
within-rep-z,questions,60,0.023083208217687712,0.8610295350442261,0.014705882352941124,0.9471884688173465,-0.22966988337622055,-0.16788386245853554,0.9373308498221244,0.9880988962733768
within-rep-z,spectralFlux_sma3_stddevNorm,60,0.02286265553800172,0.8623443818363544,-0.03431372549019607,0.8634310507272129,0.007268084129002367,-0.11825688954866777,0.9373308498221244,0.9880988962733768
within-rep-z,slopeV500-1500_sma3nz_stddevNorm,60,0.020882196204773544,0.8741673183418333,0.0490196078431373,0.8015074505848662,0.37195036965121475,0.025873051682578304,0.9399648584320788,0.9880988962733768
within-rep-z,F3frequency_sma3nz_amean,60,-0.012552617244431519,0.9241635256082688,-0.009803921568627416,0.9683369183479092,-0.13006741809848113,0.0823713019537855,0.9696975314527188,0.9880988962733768
within-rep-z,F0semitoneFrom27.5Hz_sma3nz_pctlrange0-2,60,-0.010717779920999532,0.935222886528192,0.03431372549019618,0.8634310507272129,-0.2711384182944664,-0.3772407371689916,0.9696975314527188,0.9880988962733768
within-rep-z,mfcc2_sma3_amean,60,-0.008941191401486024,0.9459427905337513,-0.02941176470588236,0.8842802463955904,0.10618032379226872,0.2010289130202635,0.9696975314527188,0.9880988962733768
within-rep-z,F0semitoneFrom27.5Hz_sma3nz_stddevRisingSlope,60,-0.00800921053879041,0.951570281672011,0.13725490196078427,0.46678061452897934,-0.1557085972825647,-0.5147755875051959,0.9696975314527188,0.8476106114088565
within-rep-z,hammarbergIndexV_sma3nz_stddevNorm,60,0.007572344509401844,0.954208994760993,0.15686274509803932,0.40451860425691677,-0.1388131575593759,-0.5099834739637231,0.9696975314527188,0.8476106114088565
within-rep-z,F0semitoneFrom27.5Hz_sma3nz_stddevNorm,60,-0.0053006411565812905,0.967937548957642,0.08333333333333326,0.6623751309779664,0.20025757627017293,-0.13317174901021941,0.9696975314527188,0.9329227196872766
within-rep-z,talk_share_pct,60,-0.005009536331374283,0.9696975314527188,0.009803921568627416,0.9683369183479092,-0.1760706864103519,-0.3304929244641462,0.9696975314527188,0.9880988962733768
deal-level,F1frequency_sma3nz_stddevNorm,26,0.4426377133035758,0.023546872145563662,0.5714285714285714,0.055327025915261216,0.40080499999999997,0.37782499999999997,0.9944765991687909,0.9719781110155441
deal-level,F3frequency_sma3nz_amean,26,-0.3523253411537334,0.0775195794289978,-0.4285714285714286,0.16125051419169067,2763.463745,2787.529665,0.9944765991687909,0.9719781110155441
deal-level,F2bandwidth_sma3nz_amean,26,-0.3184135808603142,0.11289179926098074,-0.5142857142857142,0.08782394076511724,995.96817,1015.7831999999999,0.9944765991687909,0.9719781110155441
deal-level,valence,26,-0.310560331108154,0.12255446819964093,-0.37142857142857144,0.2295351707116413,0.4755,0.503,0.9944765991687909,0.9719781110155441
deal-level,loudness_sma3_stddevFallingSlope,26,0.30092225186686644,0.13522282029519844,0.5428571428571429,0.0702385849444673,7.6206491666666665,7.058725000000001,0.9944765991687909,0.9719781110155441
deal-level,F0semitoneFrom27.5Hz_sma3nz_pctlrange0-2,26,-0.27272194593865473,0.1776779594671927,-0.4285714285714286,0.16125051419169067,6.2931025,7.32683,0.9944765991687909,0.9719781110155441
deal-level,mfcc4V_sma3nz_amean,26,0.25987117361693807,0.19981427664550716,0.34285714285714275,0.269847799259564,-3.1749349999999996,-4.324450000000001,0.9944765991687909,0.9719781110155441
deal-level,VoicedSegmentsPerSec,26,0.2570154464343343,0.20497843384599082,0.2857142857142858,0.36384204031262857,1.661657142857143,1.354885,0.9944765991687909,0.9719781110155441
deal-level,arousal_fade,26,0.2529535822342808,0.21247895721138393,0.44285714285714284,0.142989710620136,-0.011750000000000024,-0.069,0.9944765991687909,0.9719781110155441
deal-level,logRelF0-H1-H2_sma3nz_stddevNorm,26,0.2523748897626033,0.21356244958946655,0.4285714285714286,0.16125051419169067,4.09573,3.42175,0.9944765991687909,0.9719781110155441
deal-level,F3bandwidth_sma3nz_amean,26,-0.24987612847782503,0.21828370889972304,-0.2857142857142857,0.36384204031262857,962.199215,971.46747,0.9944765991687909,0.9719781110155441
deal-level,mfcc2_sma3_stddevNorm,26,-0.23916715154306112,0.2393095590255013,-0.48571428571428577,0.10880296174413821,1.90924,3.8558,0.9944765991687909,0.9719781110155441
deal-level,F3bandwidth_sma3nz_stddevNorm,26,-0.22310368614091522,0.27327902951865396,-0.34285714285714286,0.269847799259564,0.32477999999999996,0.3426533333333333,0.9944765991687909,0.9719781110155441
deal-level,loudness_mean,26,0.20172021730750694,0.32305655642700376,0.4285714285714286,0.16125051419169067,0.9430000000000001,0.90625,0.9944765991687909,0.9719781110155441
deal-level,loudness_sma3_meanFallingSlope,26,0.20168573227138736,0.32314103214501194,0.4571428571428571,0.13307280954339779,10.589694166666666,10.17182,0.9944765991687909,0.9719781110155441
deal-level,pace_peaks_per_sec,26,0.20089636773505834,0.3250783700485027,0.5285714285714285,0.07879899652618283,4.001428571428572,3.9299999999999997,0.9944765991687909,0.9719781110155441
deal-level,loudness_sma3_meanRisingSlope,26,0.19954393688443456,0.3284140403410728,0.4571428571428571,0.13307280954339779,13.956628333333333,12.867094999999999,0.9944765991687909,0.9719781110155441
deal-level,hammarbergIndexV_sma3nz_amean,26,-0.19775910739530725,0.3328478548299946,-0.4571428571428572,0.13307280954339779,20.636325,23.71532,0.9944765991687909,0.9719781110155441
deal-level,mfcc4_sma3_amean,26,0.19597427790617994,0.33731764533420583,0.17142857142857149,0.6008844097079391,1.73891,0.3347975,0.9944765991687909,0.9719781110155441
deal-level,logRelF0-H1-A3_sma3nz_amean,26,-0.19454641431487807,0.3409193382474118,-0.4,0.19323323735088443,18.874679999999998,23.234125,0.9944765991687909,0.9719781110155441
deal-level,F2bandwidth_sma3nz_stddevNorm,26,0.1931185507235762,0.3445439807228607,0.37142857142857144,0.2295351707116413,0.33884749999999997,0.32803,0.9944765991687909,0.9719781110155441
deal-level,F2amplitudeLogRelF0_sma3nz_stddevNorm,26,0.1884779940518452,0.3564821013586726,0.19999999999999996,0.5361990950226244,-0.732985,-0.7291125,0.9944765991687909,0.9719781110155441
deal-level,F2amplitudeLogRelF0_sma3nz_amean,26,-0.18669316456271787,0.3611378271621187,-0.22857142857142854,0.4747017688194159,-120.93429499999999,-122.27817,0.9944765991687909,0.9719781110155441
deal-level,alphaRatioUV_sma3nz_amean,26,-0.18312350558446322,0.3705556725176207,-0.19999999999999996,0.5361990950226244,-6.3669525,-5.998986666666667,0.9944765991687909,0.9719781110155441
deal-level,mfcc3V_sma3nz_amean,26,0.17455632403665206,0.393732827107664,0.2571428571428571,0.41731797614150556,16.392551666666666,15.696255,0.9944765991687909,0.9719781110155441
deal-level,F3amplitudeLogRelF0_sma3nz_amean,26,-0.1731284604453502,0.3976738517371711,-0.22857142857142854,0.4747017688194159,-122.07394,-123.83765,0.9944765991687909,0.9719781110155441
deal-level,loudness_cv,26,-0.17065887411148373,0.40454238123821007,-0.4285714285714286,0.15679805839111619,0.663,0.698,0.9944765991687909,0.9719781110155441
deal-level,slopeV500-1500_sma3nz_amean,26,0.16920183556927013,0.40862570422585365,0.19999999999999996,0.5361990950226244,-0.019785,-0.020215,0.9944765991687909,0.9719781110155441
deal-level,arousal,26,0.1578059045131293,0.44134458299752893,0.17142857142857149,0.5912163402070911,0.496,0.48450000000000004,0.9944765991687909,0.9719781110155441
deal-level,F2frequency_sma3nz_stddevNorm,26,0.15563713145190247,0.44772625398777405,0.11428571428571432,0.7396133278486219,0.1661625,0.16702,0.9944765991687909,0.9719781110155441
deal-level,mfcc1V_sma3nz_amean,26,-0.15385230196277513,0.4530147455510342,-0.34285714285714286,0.269847799259564,32.62748357142857,34.44697,0.9944765991687909,0.9719781110155441
deal-level,loudness_sma3_percentile20.0,26,-0.1531383701671242,0.45513934411611,-0.19999999999999996,0.5361990950226244,0.013500000000000002,0.025103333333333335,0.9944765991687909,0.9719781110155441
deal-level,F1amplitudeLogRelF0_sma3nz_stddevNorm,26,0.1520674724736478,0.45833606184405085,0.19999999999999996,0.5361990950226244,-0.757585,-0.751305,0.9944765991687909,0.9719781110155441
deal-level,mfcc3V_sma3nz_stddevNorm,26,-0.14885477939321862,0.4679965111109206,-0.2571428571428571,0.41731797614150556,1.4210266666666667,1.569315,0.9944765991687909,0.9719781110155441
deal-level,talk_share_pct,26,0.14742691580191677,0.4723236609331589,0.22857142857142865,0.4747017688194159,42.75,39.9,0.9944765991687909,0.9719781110155441
deal-level,F1bandwidth_sma3nz_amean,26,-0.13957366604975655,0.4964869729234396,-0.2571428571428571,0.41731797614150556,1237.8931364285713,1273.5722649999998,0.9944765991687909,0.9719781110155441
deal-level,jitterLocal_sma3nz_amean,26,-0.1360040070715019,0.5076704037524513,-0.17142857142857137,0.6008844097079391,0.026855,0.0270925,0.9944765991687909,0.9719781110155441
deal-level,F3frequency_sma3nz_stddevNorm,26,0.1292216550128181,0.5292543389647155,0.2571428571428571,0.41731797614150556,0.11164,0.1099775,0.9944765991687909,0.9719781110155441
deal-level,mfcc4_sma3_stddevNorm,26,-0.12493806423891252,0.5431074497876734,-0.08571428571428574,0.8125257095845331,2.2688550000000003,0.7830700000000004,0.9944765991687909,0.9719781110155441
deal-level,loudness_sma3_stddevRisingSlope,26,0.1231532347497852,0.5489289992002839,0.2857142857142858,0.36384204031262857,8.691305,8.19908,0.9944765991687909,0.9719781110155441
deal-level,slopeV0-500_sma3nz_stddevNorm,26,-0.11922660987370509,0.5618368662374988,-0.17142857142857137,0.6008844097079391,0.7145900000000001,0.837055,0.9944765991687909,0.9719781110155441
deal-level,logRelF0-H1-H2_sma3nz_amean,26,-0.11886964397587962,0.5630170787287527,-0.1428571428571429,0.6690662278897572,2.625065,3.50282,0.9944765991687909,0.9719781110155441
deal-level,F1amplitudeLogRelF0_sma3nz_amean,26,-0.11672784858892685,0.5701217487662132,-0.17142857142857137,0.6008844097079391,-122.15729,-123.12459,0.9944765991687909,0.9719781110155441
deal-level,dominance,26,0.11601391679327591,0.5724988264286589,0.11428571428571432,0.7396133278486219,0.5359166666666667,0.532,0.9944765991687909,0.9719781110155441
deal-level,F0semitoneFrom27.5Hz_sma3nz_percentile50.0,26,0.1142290873041486,0.5784607037420181,0.1428571428571428,0.6690662278897572,25.775274285714286,25.4032725,0.9944765991687909,0.9719781110155441
deal-level,MeanUnvoicedSegmentLength,26,0.1110163942237194,0.5892603052542829,0.05714285714285716,0.8867749897161661,0.28844,0.27726,0.9944765991687909,0.9719781110155441
deal-level,speech_min,26,-0.10926892802103955,0.5951707738077562,0.02857142857142847,0.961058814552752,5.75,5.05,0.9944765991687909,0.9719781110155441
deal-level,F3amplitudeLogRelF0_sma3nz_stddevNorm,26,0.10530493985851198,0.608671070538364,0.08571428571428563,0.8125257095845331,-0.713595,-0.7027675,0.9944765991687909,0.9719781110155441
deal-level,jitterLocal_sma3nz_stddevNorm,26,-0.10137831498243187,0.6221683042137156,-0.05714285714285716,0.8867749897161661,1.8512250000000001,1.8907475000000002,0.9944765991687909,0.9719781110155441
deal-level,mfcc1_sma3_amean,26,-0.09887955369765362,0.6308201441927674,-0.1428571428571429,0.6690662278897572,19.178652142857143,21.28382,0.9944765991687909,0.9719781110155441
deal-level,words,26,-0.09745169010635177,0.6357854966865053,0.08571428571428563,0.8125257095845331,1511.5,1303.0,0.9944765991687909,0.9719781110155441
deal-level,questions,26,-0.09683712942915657,0.6379273547103622,-0.19999999999999996,0.5253541642341784,10.5,13.0,0.9944765991687909,0.9719781110155441
deal-level,HNRdBACF_sma3nz_amean,26,0.09602382651504991,0.6407662187977875,0.05714285714285716,0.8867749897161661,4.203329999999999,4.1740775,0.9944765991687909,0.9719781110155441
deal-level,slopeUV0-500_sma3nz_amean,26,-0.0920972016389698,0.6545409546380765,-0.19999999999999996,0.5361990950226244,0.017045,0.01919,0.9944765991687909,0.9719781110155441
deal-level,mfcc3_sma3_stddevNorm,26,-0.08924147445636608,0.6646288694471331,-0.11428571428571432,0.7396133278486219,1.4583983333333332,1.45289,0.9944765991687909,0.9719781110155441
deal-level,HNRdBACF_sma3nz_stddevNorm,26,-0.08424395188680958,0.6824193658123532,0.0,1.0,0.7484016666666666,0.80016,0.9944765991687909,1.0
deal-level,F0semitoneFrom27.5Hz_sma3nz_percentile20.0,26,0.08388698598898413,0.6836965959242105,0.11428571428571432,0.7396133278486219,23.30753,23.1023375,0.9944765991687909,0.9719781110155441
deal-level,mfcc1V_sma3nz_stddevNorm,26,0.07888946341942761,0.7016654038247139,0.3142857142857143,0.31478815302344715,0.5576335714285714,0.501225,0.9944765991687909,0.9719781110155441
deal-level,F0semitoneFrom27.5Hz_sma3nz_stddevFallingSlope,26,-0.07567677033899844,0.7133005064048443,-0.11428571428571432,0.7396133278486219,272.165755,294.816545,0.9944765991687909,0.9719781110155441
deal-level,slopeV500-1500_sma3nz_stddevNorm,26,-0.07389194084987112,0.7197917219666634,-0.08571428571428574,0.8125257095845331,-1.1775483333333332,-1.091245,0.9944765991687909,0.9719781110155441
deal-level,mfcc3_sma3_amean,26,0.07353497495204565,0.7210922539299314,0.11428571428571432,0.7396133278486219,12.569756666666667,12.84702,0.9944765991687909,0.9719781110155441
deal-level,alphaRatioV_sma3nz_stddevNorm,26,0.06818048648466368,0.7406890329987275,-0.05714285714285716,0.8867749897161661,-1.180402142857143,-0.97702,0.9944765991687909,0.9719781110155441
deal-level,slopeUV500-1500_sma3nz_amean,26,0.06568172519988545,0.7498892179375001,-0.02857142857142858,0.9622583299053886,0.012748571428571429,0.013665,0.9944765991687909,0.9719781110155441
deal-level,MeanVoicedSegmentLengthSec,26,0.06425386160858358,0.7551615474861653,-0.02857142857142858,0.9622583299053886,0.1786375,0.1808975,0.9944765991687909,0.9719781110155441
deal-level,shimmerLocaldB_sma3nz_amean,26,-0.06425386160858358,0.7551615474861653,-0.08571428571428574,0.8125257095845331,1.46971,1.474485,0.9944765991687909,0.9719781110155441
deal-level,spectralFlux_sma3_amean,26,-0.06389689571075811,0.7564813097399983,0.02857142857142847,0.9622583299053886,0.3189269047619048,0.31784,0.9944765991687909,0.9719781110155441
deal-level,F0semitoneFrom27.5Hz_sma3nz_meanFallingSlope,26,0.0631829639151072,0.7591228262444351,0.11428571428571432,0.7396133278486219,167.32275249999998,163.48272666666665,0.9944765991687909,0.9719781110155441
deal-level,F0semitoneFrom27.5Hz_sma3nz_percentile80.0,26,-0.0631829639151072,0.7591228262444351,-0.02857142857142858,0.9622583299053886,29.758405,28.84162,0.9944765991687909,0.9719781110155441
deal-level,spectralFluxV_sma3nz_amean,26,0.06175510032380534,0.7644137314847316,0.22857142857142865,0.4747017688194159,0.5605325,0.54665,0.9944765991687909,0.9719781110155441
deal-level,alphaRatioV_sma3nz_amean,26,0.059970270834678006,0.7710418401209339,0.22857142857142865,0.4747017688194159,-11.109315714285716,-13.906590000000001,0.9944765991687909,0.9719781110155441
deal-level,loudnessPeaksPerSec,26,0.059613304936852546,0.7723693576362131,0.19999999999999996,0.5361990950226244,2.5016166666666666,2.38993,0.9944765991687909,0.9719781110155441
deal-level,StddevVoicedSegmentLengthSec,26,0.05747150954989976,0.7803474419352479,-0.08571428571428574,0.8125257095845331,0.17108583333333333,0.17589749999999998,0.9944765991687909,0.9719781110155441
deal-level,StddevUnvoicedSegmentLength,26,0.05568668006077244,0.7870124584565229,-0.02857142857142858,0.9622583299053886,0.8658166666666667,0.92105,0.9944765991687909,0.9719781110155441
deal-level,logRelF0-H1-A3_sma3nz_stddevNorm,26,0.05283095287816872,0.7977067424231156,0.22857142857142865,0.4747017688194159,0.9013941666666667,0.76507,0.9944765991687909,0.9719781110155441
deal-level,mfcc1_sma3_stddevNorm,26,0.05140308928686686,0.8030673686057034,0.11428571428571432,0.7396133278486219,1.139097142857143,1.078425,0.9944765991687909,0.9719781110155441
deal-level,F0semitoneFrom27.5Hz_sma3nz_meanRisingSlope,26,-0.050332191593390474,0.807093550854861,0.1428571428571428,0.6690662278897572,516.4410675,519.2124650000001,0.9944765991687909,0.9719781110155441
deal-level,hammarbergIndexV_sma3nz_stddevNorm,26,-0.048904328002088625,0.8124692270883027,0.11428571428571432,0.7396133278486219,0.7117765476190476,0.66413,0.9944765991687909,0.9719781110155441
deal-level,shimmerLocaldB_sma3nz_stddevNorm,26,0.046405566717310366,0.8218964561297678,-0.02857142857142858,0.9622583299053886,0.744545,0.75368,0.9944765991687909,0.9719781110155441
deal-level,spectralFluxUV_sma3nz_amean,26,0.04533466902383398,0.8259441569821273,0.17142857142857149,0.6008844097079391,0.1602325,0.149905,0.9944765991687909,0.9719781110155441
deal-level,F0semitoneFrom27.5Hz_sma3nz_stddevNorm,26,-0.04462073722818304,0.8286450383121291,0.05714285714285716,0.8867749897161661,0.30874583333333333,0.30252249999999997,0.9944765991687909,0.9719781110155441
deal-level,F1bandwidth_sma3nz_stddevNorm,26,0.04069411235210294,0.8435330165740123,0.22857142857142865,0.4747017688194159,0.23109,0.21249,0.9944765991687909,0.9719781110155441
deal-level,spectralFlux_sma3_stddevNorm,26,0.039980180556452014,0.8462457074615781,-0.05714285714285716,0.8867749897161661,1.2843391666666668,1.31233,0.9944765991687909,0.9719781110155441
deal-level,mfcc4V_sma3nz_stddevNorm,26,-0.03855231696515015,0.8516761797901091,0.08571428571428563,0.8125257095845331,-5.94271,-5.171715,0.9944765991687909,0.9719781110155441
deal-level,slopeV0-500_sma3nz_amean,26,-0.031596883595954625,0.8782190427514772,-0.09999999999999998,0.7695606907748618,0.039432499999999995,0.03906,0.9944765991687909,0.9719781110155441
deal-level,equivalentSoundLevel_dBp,26,0.030342101315164467,0.8830219782642305,0.05714285714285716,0.8867749897161661,-20.574196666666666,-20.35683,0.9944765991687909,0.9719781110155441
deal-level,f0_std_semitones,26,-0.02927120362168808,0.8871242503486657,0.08571428571428563,0.8125257095845331,8.523333333333333,8.21,0.9944765991687909,0.9719781110155441
deal-level,loudness_sma3_amean,26,-0.027486374132560755,0.8939676144146145,0.02857142857142847,0.9622583299053886,0.5664021428571429,0.583995,0.9944765991687909,0.9719781110155441
deal-level,F0semitoneFrom27.5Hz_sma3nz_amean,26,-0.02391671515430611,0.9076760553875688,0.08571428571428563,0.8125257095845331,28.166487142857143,27.53339,0.9944765991687909,0.9719781110155441
deal-level,spectralFluxV_sma3nz_stddevNorm,26,-0.016063465402145895,0.9379200218325658,-0.17142857142857137,0.6008844097079391,0.7912316666666667,0.808595,0.9944765991687909,0.9719781110155441
deal-level,mfcc2_sma3_amean,26,0.01392167001519311,0.946184687955369,-0.08571428571428574,0.8125257095845331,4.7659616666666675,4.57709,0.9944765991687909,0.9719781110155441
deal-level,F2frequency_sma3nz_amean,26,-0.012493806423891253,0.9516975301823069,0.08571428571428563,0.8125257095845331,1732.218015,1737.5465100000001,0.9944765991687909,0.9719781110155441
deal-level,F1frequency_sma3nz_amean,26,0.01213684052606579,0.9530760885548005,0.1428571428571428,0.6690662278897572,684.276505,678.093625,0.9944765991687909,0.9719781110155441
deal-level,loudness_sma3_percentile50.0,26,0.011779874628240325,0.9544547783483096,0.08571428571428563,0.8125257095845331,0.3454369047619048,0.3446,0.9944765991687909,0.9719781110155441
deal-level,hammarbergIndexUV_sma3nz_amean,26,0.009281113343462074,0.9641089627999307,-0.11428571428571432,0.7396133278486219,15.503201666666666,15.63345,0.9944765991687909,0.9719781110155441
deal-level,mfcc2V_sma3nz_amean,26,0.005711454365207429,0.9779088738734528,-0.08571428571428574,0.8125257095845331,-1.826665,-2.418705,0.9944765991687909,0.9719781110155441
deal-level,loudness_sma3_percentile80.0,26,-0.005711454365207429,0.9779088738734528,0.02857142857142847,0.9622583299053886,1.0588235714285714,1.061785,0.9944765991687909,0.9719781110155441
deal-level,F0semitoneFrom27.5Hz_sma3nz_stddevRisingSlope,26,-0.004640556671731037,0.9820502304525444,0.22857142857142865,0.4747017688194159,858.8471649999999,839.9602950000001,0.9944765991687909,0.9719781110155441
deal-level,mfcc2V_sma3nz_stddevNorm,26,-0.003569658978254644,0.9861920398414182,0.08571428571428563,0.8125257095845331,-3.973995,-5.07295,0.9944765991687909,0.9719781110155441
deal-level,loudness_sma3_pctlrange0-2,26,-0.002141795386952786,0.9917149761721433,0.02857142857142847,0.9622583299053886,1.0372385714285715,1.0205549999999999,0.9944765991687909,0.9719781110155441
deal-level,loudness_sma3_stddevNorm,26,0.0014278635913018572,0.9944765991687908,-0.08571428571428574,0.8125257095845331,1.1189483333333334,1.16185,0.9944765991687909,0.9719781110155441
